GEONAME,CRASH_TYPE_CD,VARIABLE,VALUE
Delaware County,Angle,GEO_CRASHTYPE_SHARE_OF_FATAL,0.17391304347826086
Delaware County,Animal,GEO_CRASHTYPE_SHARE_OF_FATAL,0.0
Delaware County,Backing,GEO_CRASHTYPE_SHARE_OF_FATAL,0.0
Delaware County,Fixed Object,GEO_CRASHTYPE_SHARE_OF_FATAL,0.3333333333333333
Delaware County,Head On,GEO_CRASHTYPE_SHARE_OF_FATAL,0.13043478260869565
Delaware County,Left Turn,GEO_CRASHTYPE_SHARE_OF_FATAL,0.028985507246376812
Delaware County,Other Non-Collision,GEO_CRASHTYPE_SHARE_OF_FATAL,0.0
Delaware County,Other Object,GEO_CRASHTYPE_SHARE_OF_FATAL,0.0
Delaware County,Overturning,GEO_CRASHTYPE_SHARE_OF_FATAL,0.0
Delaware County,Parked Vehicle,GEO_CRASHTYPE_SHARE_OF_FATAL,0.014492753623188406
Delaware County,Pedalcycles,GEO_CRASHTYPE_SHARE_OF_FATAL,0.043478260869565216
Delaware County,Pedestrian,GEO_CRASHTYPE_SHARE_OF_FATAL,0.07246376811594203
Delaware County,Rear End,GEO_CRASHTYPE_SHARE_OF_FATAL,0.07246376811594203
Delaware County,Right Turn,GEO_CRASHTYPE_SHARE_OF_FATAL,0.014492753623188406
Delaware County,Sideswipe - Meeting,GEO_CRASHTYPE_SHARE_OF_FATAL,0.014492753623188406
Delaware County,Sideswipe - Passing,GEO_CRASHTYPE_SHARE_OF_FATAL,0.08695652173913043
Delaware County,Train,GEO_CRASHTYPE_SHARE_OF_FATAL,0.014492753623188406
Delaware County,Unknown,GEO_CRASHTYPE_SHARE_OF_FATAL,0.0
Fairfield County,Angle,GEO_CRASHTYPE_SHARE_OF_FATAL,0.0958904109589041
Fairfield County,Animal,GEO_CRASHTYPE_SHARE_OF_FATAL,0.0
Fairfield County,Backing,GEO_CRASHTYPE_SHARE_OF_FATAL,0.0136986301369863
Fairfield County,Fixed Object,GEO_CRASHTYPE_SHARE_OF_FATAL,0.3287671232876712
Fairfield County,Head On,GEO_CRASHTYPE_SHARE_OF_FATAL,0.1506849315068493
Fairfield County,Left Turn,GEO_CRASHTYPE_SHARE_OF_FATAL,0.0958904109589041
Fairfield County,Other Non-Collision,GEO_CRASHTYPE_SHARE_OF_FATAL,0.0136986301369863
Fairfield County,Other Object,GEO_CRASHTYPE_SHARE_OF_FATAL,0.0
Fairfield County,Overturning,GEO_CRASHTYPE_SHARE_OF_FATAL,0.0958904109589041
Fairfield County,Parked Vehicle,GEO_CRASHTYPE_SHARE_OF_FATAL,0.0
Fairfield County,Pedalcycles,GEO_CRASHTYPE_SHARE_OF_FATAL,0.0136986301369863
Fairfield County,Pedestrian,GEO_CRASHTYPE_SHARE_OF_FATAL,0.0547945205479452
Fairfield County,Rear End,GEO_CRASHTYPE_SHARE_OF_FATAL,0.0684931506849315
Fairfield County,Right Turn,GEO_CRASHTYPE_SHARE_OF_FATAL,0.0136986301369863
Fairfield County,Sideswipe - Meeting,GEO_CRASHTYPE_SHARE_OF_FATAL,0.0136986301369863
Fairfield County,Sideswipe - Passing,GEO_CRASHTYPE_SHARE_OF_FATAL,0.0410958904109589
Fairfield County,Unknown,GEO_CRASHTYPE_SHARE_OF_FATAL,0.0
Franklin County,Angle,GEO_CRASHTYPE_SHARE_OF_FATAL,0.09965034965034965
Franklin County,Animal,GEO_CRASHTYPE_SHARE_OF_FATAL,0.005244755244755245
Franklin County,Backing,GEO_CRASHTYPE_SHARE_OF_FATAL,0.0
Franklin County,Falling From Or In Vehicle,GEO_CRASHTYPE_SHARE_OF_FATAL,0.0
Franklin County,Fixed Object,GEO_CRASHTYPE_SHARE_OF_FATAL,0.2465034965034965
Franklin County,Head On,GEO_CRASHTYPE_SHARE_OF_FATAL,0.1048951048951049
Franklin County,Left Turn,GEO_CRASHTYPE_SHARE_OF_FATAL,0.07342657342657342
Franklin County,Other Non-Collision,GEO_CRASHTYPE_SHARE_OF_FATAL,0.012237762237762238
Franklin County,Other Object,GEO_CRASHTYPE_SHARE_OF_FATAL,0.0017482517482517483
Franklin County,Overturning,GEO_CRASHTYPE_SHARE_OF_FATAL,0.017482517482517484
Franklin County,Parked Vehicle,GEO_CRASHTYPE_SHARE_OF_FATAL,0.015734265734265736
Franklin County,Pedalcycles,GEO_CRASHTYPE_SHARE_OF_FATAL,0.024475524475524476
Franklin County,Pedestrian,GEO_CRASHTYPE_SHARE_OF_FATAL,0.263986013986014
Franklin County,Rear End,GEO_CRASHTYPE_SHARE_OF_FATAL,0.06643356643356643
Franklin County,Right Turn,GEO_CRASHTYPE_SHARE_OF_FATAL,0.006993006993006993
Franklin County,Sideswipe - Meeting,GEO_CRASHTYPE_SHARE_OF_FATAL,0.0
Franklin County,Sideswipe - Passing,GEO_CRASHTYPE_SHARE_OF_FATAL,0.057692307692307696
Franklin County,Train,GEO_CRASHTYPE_SHARE_OF_FATAL,0.0
Franklin County,Unknown,GEO_CRASHTYPE_SHARE_OF_FATAL,0.0034965034965034965
Knox County,Angle,GEO_CRASHTYPE_SHARE_OF_FATAL,0.24242424242424243
Knox County,Animal,GEO_CRASHTYPE_SHARE_OF_FATAL,0.030303030303030304
Knox County,Backing,GEO_CRASHTYPE_SHARE_OF_FATAL,0.0
Knox County,Fixed Object,GEO_CRASHTYPE_SHARE_OF_FATAL,0.3939393939393939
Knox County,Head On,GEO_CRASHTYPE_SHARE_OF_FATAL,0.24242424242424243
Knox County,Left Turn,GEO_CRASHTYPE_SHARE_OF_FATAL,0.0
Knox County,Other Non-Collision,GEO_CRASHTYPE_SHARE_OF_FATAL,0.0
Knox County,Other Object,GEO_CRASHTYPE_SHARE_OF_FATAL,0.0
Knox County,Overturning,GEO_CRASHTYPE_SHARE_OF_FATAL,0.030303030303030304
Knox County,Parked Vehicle,GEO_CRASHTYPE_SHARE_OF_FATAL,0.0
Knox County,Pedalcycles,GEO_CRASHTYPE_SHARE_OF_FATAL,0.0
Knox County,Pedestrian,GEO_CRASHTYPE_SHARE_OF_FATAL,0.030303030303030304
Knox County,Rear End,GEO_CRASHTYPE_SHARE_OF_FATAL,0.0
Knox County,Right Turn,GEO_CRASHTYPE_SHARE_OF_FATAL,0.0
Knox County,Sideswipe - Meeting,GEO_CRASHTYPE_SHARE_OF_FATAL,0.0
Knox County,Sideswipe - Passing,GEO_CRASHTYPE_SHARE_OF_FATAL,0.030303030303030304
Knox County,Unknown,GEO_CRASHTYPE_SHARE_OF_FATAL,0.0
Licking County,Angle,GEO_CRASHTYPE_SHARE_OF_FATAL,0.1368421052631579
Licking County,Animal,GEO_CRASHTYPE_SHARE_OF_FATAL,0.021052631578947368
Licking County,Backing,GEO_CRASHTYPE_SHARE_OF_FATAL,0.0
Licking County,Fixed Object,GEO_CRASHTYPE_SHARE_OF_FATAL,0.4
Licking County,Head On,GEO_CRASHTYPE_SHARE_OF_FATAL,0.11578947368421053
Licking County,Left Turn,GEO_CRASHTYPE_SHARE_OF_FATAL,0.05263157894736842
Licking County,Other Non-Collision,GEO_CRASHTYPE_SHARE_OF_FATAL,0.0
Licking County,Other Non-Vehicle,GEO_CRASHTYPE_SHARE_OF_FATAL,0.0
Licking County,Other Object,GEO_CRASHTYPE_SHARE_OF_FATAL,0.0
Licking County,Overturning,GEO_CRASHTYPE_SHARE_OF_FATAL,0.042105263157894736
Licking County,Parked Vehicle,GEO_CRASHTYPE_SHARE_OF_FATAL,0.031578947368421054
Licking County,Pedalcycles,GEO_CRASHTYPE_SHARE_OF_FATAL,0.010526315789473684
Licking County,Pedestrian,GEO_CRASHTYPE_SHARE_OF_FATAL,0.07368421052631578
Licking County,Rear End,GEO_CRASHTYPE_SHARE_OF_FATAL,0.08421052631578947
Licking County,Right Turn,GEO_CRASHTYPE_SHARE_OF_FATAL,0.010526315789473684
Licking County,Sideswipe - Meeting,GEO_CRASHTYPE_SHARE_OF_FATAL,0.0
Licking County,Sideswipe - Passing,GEO_CRASHTYPE_SHARE_OF_FATAL,0.021052631578947368
Licking County,Train,GEO_CRASHTYPE_SHARE_OF_FATAL,0.0
Licking County,Unknown,GEO_CRASHTYPE_SHARE_OF_FATAL,0.0
Madison County,Angle,GEO_CRASHTYPE_SHARE_OF_FATAL,0.14705882352941177
Madison County,Animal,GEO_CRASHTYPE_SHARE_OF_FATAL,0.029411764705882353
Madison County,Backing,GEO_CRASHTYPE_SHARE_OF_FATAL,0.0
Madison County,Fixed Object,GEO_CRASHTYPE_SHARE_OF_FATAL,0.38235294117647056
Madison County,Head On,GEO_CRASHTYPE_SHARE_OF_FATAL,0.17647058823529413
Madison County,Left Turn,GEO_CRASHTYPE_SHARE_OF_FATAL,0.0
Madison County,Other Non-Collision,GEO_CRASHTYPE_SHARE_OF_FATAL,0.0
Madison County,Other Object,GEO_CRASHTYPE_SHARE_OF_FATAL,0.0
Madison County,Overturning,GEO_CRASHTYPE_SHARE_OF_FATAL,0.029411764705882353
Madison County,Parked Vehicle,GEO_CRASHTYPE_SHARE_OF_FATAL,0.0
Madison County,Pedalcycles,GEO_CRASHTYPE_SHARE_OF_FATAL,0.0
Madison County,Pedestrian,GEO_CRASHTYPE_SHARE_OF_FATAL,0.058823529411764705
Madison County,Rear End,GEO_CRASHTYPE_SHARE_OF_FATAL,0.17647058823529413
Madison County,Right Turn,GEO_CRASHTYPE_SHARE_OF_FATAL,0.0
Madison County,Sideswipe - Meeting,GEO_CRASHTYPE_SHARE_OF_FATAL,0.0
Madison County,Sideswipe - Passing,GEO_CRASHTYPE_SHARE_OF_FATAL,0.0
Madison County,Unknown,GEO_CRASHTYPE_SHARE_OF_FATAL,0.0
Marion County,Angle,GEO_CRASHTYPE_SHARE_OF_FATAL,0.28888888888888886
Marion County,Animal,GEO_CRASHTYPE_SHARE_OF_FATAL,0.022222222222222223
Marion County,Backing,GEO_CRASHTYPE_SHARE_OF_FATAL,0.0
Marion County,Fixed Object,GEO_CRASHTYPE_SHARE_OF_FATAL,0.4222222222222222
Marion County,Head On,GEO_CRASHTYPE_SHARE_OF_FATAL,0.044444444444444446
Marion County,Left Turn,GEO_CRASHTYPE_SHARE_OF_FATAL,0.06666666666666667
Marion County,Other Non-Collision,GEO_CRASHTYPE_SHARE_OF_FATAL,0.044444444444444446
Marion County,Other Object,GEO_CRASHTYPE_SHARE_OF_FATAL,0.0
Marion County,Overturning,GEO_CRASHTYPE_SHARE_OF_FATAL,0.022222222222222223
Marion County,Parked Vehicle,GEO_CRASHTYPE_SHARE_OF_FATAL,0.022222222222222223
Marion County,Pedalcycles,GEO_CRASHTYPE_SHARE_OF_FATAL,0.0
Marion County,Pedestrian,GEO_CRASHTYPE_SHARE_OF_FATAL,0.044444444444444446
Marion County,Rear End,GEO_CRASHTYPE_SHARE_OF_FATAL,0.0
Marion County,Right Turn,GEO_CRASHTYPE_SHARE_OF_FATAL,0.0
Marion County,Sideswipe - Meeting,GEO_CRASHTYPE_SHARE_OF_FATAL,0.0
Marion County,Sideswipe - Passing,GEO_CRASHTYPE_SHARE_OF_FATAL,0.022222222222222223
Marion County,Train,GEO_CRASHTYPE_SHARE_OF_FATAL,0.0
Marion County,Unknown,GEO_CRASHTYPE_SHARE_OF_FATAL,0.0
Morrow County,Angle,GEO_CRASHTYPE_SHARE_OF_FATAL,0.14285714285714285
Morrow County,Animal,GEO_CRASHTYPE_SHARE_OF_FATAL,0.03571428571428571
Morrow County,Backing,GEO_CRASHTYPE_SHARE_OF_FATAL,0.0
Morrow County,Fixed Object,GEO_CRASHTYPE_SHARE_OF_FATAL,0.35714285714285715
Morrow County,Head On,GEO_CRASHTYPE_SHARE_OF_FATAL,0.03571428571428571
Morrow County,Left Turn,GEO_CRASHTYPE_SHARE_OF_FATAL,0.03571428571428571
Morrow County,Other Non-Collision,GEO_CRASHTYPE_SHARE_OF_FATAL,0.0
Morrow County,Other Object,GEO_CRASHTYPE_SHARE_OF_FATAL,0.0
Morrow County,Overturning,GEO_CRASHTYPE_SHARE_OF_FATAL,0.03571428571428571
Morrow County,Parked Vehicle,GEO_CRASHTYPE_SHARE_OF_FATAL,0.07142857142857142
Morrow County,Pedalcycles,GEO_CRASHTYPE_SHARE_OF_FATAL,0.0
Morrow County,Pedestrian,GEO_CRASHTYPE_SHARE_OF_FATAL,0.07142857142857142
Morrow County,Rear End,GEO_CRASHTYPE_SHARE_OF_FATAL,0.14285714285714285
Morrow County,Right Turn,GEO_CRASHTYPE_SHARE_OF_FATAL,0.0
Morrow County,Sideswipe - Meeting,GEO_CRASHTYPE_SHARE_OF_FATAL,0.0
Morrow County,Sideswipe - Passing,GEO_CRASHTYPE_SHARE_OF_FATAL,0.07142857142857142
Morrow County,Unknown,GEO_CRASHTYPE_SHARE_OF_FATAL,0.0
Pickaway County,Angle,GEO_CRASHTYPE_SHARE_OF_FATAL,0.10204081632653061
Pickaway County,Animal,GEO_CRASHTYPE_SHARE_OF_FATAL,0.0
Pickaway County,Backing,GEO_CRASHTYPE_SHARE_OF_FATAL,0.0
Pickaway County,Fixed Object,GEO_CRASHTYPE_SHARE_OF_FATAL,0.3877551020408163
Pickaway County,Head On,GEO_CRASHTYPE_SHARE_OF_FATAL,0.08163265306122448
Pickaway County,Left Turn,GEO_CRASHTYPE_SHARE_OF_FATAL,0.04081632653061224
Pickaway County,Other Non-Collision,GEO_CRASHTYPE_SHARE_OF_FATAL,0.02040816326530612
Pickaway County,Other Object,GEO_CRASHTYPE_SHARE_OF_FATAL,0.0
Pickaway County,Overturning,GEO_CRASHTYPE_SHARE_OF_FATAL,0.08163265306122448
Pickaway County,Parked Vehicle,GEO_CRASHTYPE_SHARE_OF_FATAL,0.02040816326530612
Pickaway County,Pedalcycles,GEO_CRASHTYPE_SHARE_OF_FATAL,0.0
Pickaway County,Pedestrian,GEO_CRASHTYPE_SHARE_OF_FATAL,0.08163265306122448
Pickaway County,Rear End,GEO_CRASHTYPE_SHARE_OF_FATAL,0.08163265306122448
Pickaway County,Right Turn,GEO_CRASHTYPE_SHARE_OF_FATAL,0.061224489795918366
Pickaway County,Sideswipe - Meeting,GEO_CRASHTYPE_SHARE_OF_FATAL,0.0
Pickaway County,Sideswipe - Passing,GEO_CRASHTYPE_SHARE_OF_FATAL,0.04081632653061224
Pickaway County,Unknown,GEO_CRASHTYPE_SHARE_OF_FATAL,0.0
10-County Region,Angle,GEO_CRASHTYPE_SHARE_OF_FATAL,0.12536443148688048
10-County Region,Animal,GEO_CRASHTYPE_SHARE_OF_FATAL,0.009718172983479106
10-County Region,Backing,GEO_CRASHTYPE_SHARE_OF_FATAL,0.0009718172983479105
10-County Region,Falling From Or In Vehicle,GEO_CRASHTYPE_SHARE_OF_FATAL,0.0
10-County Region,Fixed Object,GEO_CRASHTYPE_SHARE_OF_FATAL,0.30029154518950435
10-County Region,Head On,GEO_CRASHTYPE_SHARE_OF_FATAL,0.11078717201166181
10-County Region,Left Turn,GEO_CRASHTYPE_SHARE_OF_FATAL,0.06608357628765792
10-County Region,Other Non-Collision,GEO_CRASHTYPE_SHARE_OF_FATAL,0.010689990281827016
10-County Region,Other Non-Vehicle,GEO_CRASHTYPE_SHARE_OF_FATAL,0.0
10-County Region,Other Object,GEO_CRASHTYPE_SHARE_OF_FATAL,0.0009718172983479105
10-County Region,Overturning,GEO_CRASHTYPE_SHARE_OF_FATAL,0.031098153547133137
10-County Region,Parked Vehicle,GEO_CRASHTYPE_SHARE_OF_FATAL,0.01652089407191448
10-County Region,Pedalcycles,GEO_CRASHTYPE_SHARE_OF_FATAL,0.0184645286686103
10-County Region,Pedestrian,GEO_CRASHTYPE_SHARE_OF_FATAL,0.17589893100097181
10-County Region,Rear End,GEO_CRASHTYPE_SHARE_OF_FATAL,0.06997084548104957
10-County Region,Right Turn,GEO_CRASHTYPE_SHARE_OF_FATAL,0.009718172983479106
10-County Region,Sideswipe - Meeting,GEO_CRASHTYPE_SHARE_OF_FATAL,0.001943634596695821
10-County Region,Sideswipe - Passing,GEO_CRASHTYPE_SHARE_OF_FATAL,0.04859086491739553
10-County Region,Train,GEO_CRASHTYPE_SHARE_OF_FATAL,0.0009718172983479105
10-County Region,Unknown,GEO_CRASHTYPE_SHARE_OF_FATAL,0.001943634596695821
Union County,Angle,GEO_CRASHTYPE_SHARE_OF_FATAL,0.16129032258064516
Union County,Animal,GEO_CRASHTYPE_SHARE_OF_FATAL,0.03225806451612903
Union County,Backing,GEO_CRASHTYPE_SHARE_OF_FATAL,0.0
Union County,Fixed Object,GEO_CRASHTYPE_SHARE_OF_FATAL,0.2903225806451613
Union County,Head On,GEO_CRASHTYPE_SHARE_OF_FATAL,0.06451612903225806
Union County,Left Turn,GEO_CRASHTYPE_SHARE_OF_FATAL,0.1935483870967742
Union County,Other Non-Collision,GEO_CRASHTYPE_SHARE_OF_FATAL,0.0
Union County,Other Object,GEO_CRASHTYPE_SHARE_OF_FATAL,0.0
Union County,Overturning,GEO_CRASHTYPE_SHARE_OF_FATAL,0.0967741935483871
Union County,Parked Vehicle,GEO_CRASHTYPE_SHARE_OF_FATAL,0.0
Union County,Pedalcycles,GEO_CRASHTYPE_SHARE_OF_FATAL,0.0
Union County,Pedestrian,GEO_CRASHTYPE_SHARE_OF_FATAL,0.0967741935483871
Union County,Rear End,GEO_CRASHTYPE_SHARE_OF_FATAL,0.06451612903225806
Union County,Right Turn,GEO_CRASHTYPE_SHARE_OF_FATAL,0.0
Union County,Sideswipe - Passing,GEO_CRASHTYPE_SHARE_OF_FATAL,0.0
Union County,Train,GEO_CRASHTYPE_SHARE_OF_FATAL,0.0
Union County,Unknown,GEO_CRASHTYPE_SHARE_OF_FATAL,0.0
Delaware County,Angle,GEO_CRASHTYPE_SHARE_OF_SERIOUS,0.2531328320802005
Delaware County,Animal,GEO_CRASHTYPE_SHARE_OF_SERIOUS,0.017543859649122806
Delaware County,Backing,GEO_CRASHTYPE_SHARE_OF_SERIOUS,0.0
Delaware County,Fixed Object,GEO_CRASHTYPE_SHARE_OF_SERIOUS,0.22055137844611528
Delaware County,Head On,GEO_CRASHTYPE_SHARE_OF_SERIOUS,0.06516290726817042
Delaware County,Left Turn,GEO_CRASHTYPE_SHARE_OF_SERIOUS,0.13784461152882205
Delaware County,Other Non-Collision,GEO_CRASHTYPE_SHARE_OF_SERIOUS,0.005012531328320802
Delaware County,Other Object,GEO_CRASHTYPE_SHARE_OF_SERIOUS,0.0
Delaware County,Overturning,GEO_CRASHTYPE_SHARE_OF_SERIOUS,0.045112781954887216
Delaware County,Parked Vehicle,GEO_CRASHTYPE_SHARE_OF_SERIOUS,0.020050125313283207
Delaware County,Pedalcycles,GEO_CRASHTYPE_SHARE_OF_SERIOUS,0.042606516290726815
Delaware County,Pedestrian,GEO_CRASHTYPE_SHARE_OF_SERIOUS,0.05263157894736842
Delaware County,Rear End,GEO_CRASHTYPE_SHARE_OF_SERIOUS,0.09523809523809523
Delaware County,Right Turn,GEO_CRASHTYPE_SHARE_OF_SERIOUS,0.0
Delaware County,Sideswipe - Meeting,GEO_CRASHTYPE_SHARE_OF_SERIOUS,0.0
Delaware County,Sideswipe - Passing,GEO_CRASHTYPE_SHARE_OF_SERIOUS,0.045112781954887216
Delaware County,Train,GEO_CRASHTYPE_SHARE_OF_SERIOUS,0.0
Delaware County,Unknown,GEO_CRASHTYPE_SHARE_OF_SERIOUS,0.0
Fairfield County,Angle,GEO_CRASHTYPE_SHARE_OF_SERIOUS,0.18564356435643564
Fairfield County,Animal,GEO_CRASHTYPE_SHARE_OF_SERIOUS,0.012376237623762377
Fairfield County,Backing,GEO_CRASHTYPE_SHARE_OF_SERIOUS,0.009900990099009901
Fairfield County,Fixed Object,GEO_CRASHTYPE_SHARE_OF_SERIOUS,0.28217821782178215
Fairfield County,Head On,GEO_CRASHTYPE_SHARE_OF_SERIOUS,0.08168316831683169
Fairfield County,Left Turn,GEO_CRASHTYPE_SHARE_OF_SERIOUS,0.0891089108910891
Fairfield County,Other Non-Collision,GEO_CRASHTYPE_SHARE_OF_SERIOUS,0.01485148514851485
Fairfield County,Other Object,GEO_CRASHTYPE_SHARE_OF_SERIOUS,0.0024752475247524753
Fairfield County,Overturning,GEO_CRASHTYPE_SHARE_OF_SERIOUS,0.04950495049504951
Fairfield County,Parked Vehicle,GEO_CRASHTYPE_SHARE_OF_SERIOUS,0.019801980198019802
Fairfield County,Pedalcycles,GEO_CRASHTYPE_SHARE_OF_SERIOUS,0.027227722772277228
Fairfield County,Pedestrian,GEO_CRASHTYPE_SHARE_OF_SERIOUS,0.07673267326732673
Fairfield County,Rear End,GEO_CRASHTYPE_SHARE_OF_SERIOUS,0.07178217821782178
Fairfield County,Right Turn,GEO_CRASHTYPE_SHARE_OF_SERIOUS,0.009900990099009901
Fairfield County,Sideswipe - Meeting,GEO_CRASHTYPE_SHARE_OF_SERIOUS,0.0024752475247524753
Fairfield County,Sideswipe - Passing,GEO_CRASHTYPE_SHARE_OF_SERIOUS,0.0594059405940594
Fairfield County,Unknown,GEO_CRASHTYPE_SHARE_OF_SERIOUS,0.0049504950495049506
Franklin County,Angle,GEO_CRASHTYPE_SHARE_OF_SERIOUS,0.1702571230020848
Franklin County,Animal,GEO_CRASHTYPE_SHARE_OF_SERIOUS,0.0010423905489923557
Franklin County,Backing,GEO_CRASHTYPE_SHARE_OF_SERIOUS,0.003822098679638638
Franklin County,Falling From Or In Vehicle,GEO_CRASHTYPE_SHARE_OF_SERIOUS,0.0
Franklin County,Fixed Object,GEO_CRASHTYPE_SHARE_OF_SERIOUS,0.1935371785962474
Franklin County,Head On,GEO_CRASHTYPE_SHARE_OF_SERIOUS,0.08443363446838081
Franklin County,Left Turn,GEO_CRASHTYPE_SHARE_OF_SERIOUS,0.07887421820708826
Franklin County,Other Non-Collision,GEO_CRASHTYPE_SHARE_OF_SERIOUS,0.01980542043085476
Franklin County,Other Object,GEO_CRASHTYPE_SHARE_OF_SERIOUS,0.002432244614315497
Franklin County,Overturning,GEO_CRASHTYPE_SHARE_OF_SERIOUS,0.017720639332870047
Franklin County,Parked Vehicle,GEO_CRASHTYPE_SHARE_OF_SERIOUS,0.027449617790132035
Franklin County,Pedalcycles,GEO_CRASHTYPE_SHARE_OF_SERIOUS,0.03509381514940931
Franklin County,Pedestrian,GEO_CRASHTYPE_SHARE_OF_SERIOUS,0.15462126476719945
Franklin County,Rear End,GEO_CRASHTYPE_SHARE_OF_SERIOUS,0.11292564280750521
Franklin County,Right Turn,GEO_CRASHTYPE_SHARE_OF_SERIOUS,0.014246004169562195
Franklin County,Sideswipe - Meeting,GEO_CRASHTYPE_SHARE_OF_SERIOUS,0.0
Franklin County,Sideswipe - Passing,GEO_CRASHTYPE_SHARE_OF_SERIOUS,0.0778318276580959
Franklin County,Train,GEO_CRASHTYPE_SHARE_OF_SERIOUS,0.00034746351633078526
Franklin County,Unknown,GEO_CRASHTYPE_SHARE_OF_SERIOUS,0.005559416261292564
Knox County,Angle,GEO_CRASHTYPE_SHARE_OF_SERIOUS,0.18120805369127516
Knox County,Animal,GEO_CRASHTYPE_SHARE_OF_SERIOUS,0.04697986577181208
Knox County,Backing,GEO_CRASHTYPE_SHARE_OF_SERIOUS,0.0
Knox County,Fixed Object,GEO_CRASHTYPE_SHARE_OF_SERIOUS,0.42953020134228187
Knox County,Head On,GEO_CRASHTYPE_SHARE_OF_SERIOUS,0.06711409395973154
Knox County,Left Turn,GEO_CRASHTYPE_SHARE_OF_SERIOUS,0.053691275167785234
Knox County,Other Non-Collision,GEO_CRASHTYPE_SHARE_OF_SERIOUS,0.0
Knox County,Other Object,GEO_CRASHTYPE_SHARE_OF_SERIOUS,0.0
Knox County,Overturning,GEO_CRASHTYPE_SHARE_OF_SERIOUS,0.06711409395973154
Knox County,Parked Vehicle,GEO_CRASHTYPE_SHARE_OF_SERIOUS,0.006711409395973154
Knox County,Pedalcycles,GEO_CRASHTYPE_SHARE_OF_SERIOUS,0.013422818791946308
Knox County,Pedestrian,GEO_CRASHTYPE_SHARE_OF_SERIOUS,0.026845637583892617
Knox County,Rear End,GEO_CRASHTYPE_SHARE_OF_SERIOUS,0.053691275167785234
Knox County,Right Turn,GEO_CRASHTYPE_SHARE_OF_SERIOUS,0.013422818791946308
Knox County,Sideswipe - Meeting,GEO_CRASHTYPE_SHARE_OF_SERIOUS,0.0
Knox County,Sideswipe - Passing,GEO_CRASHTYPE_SHARE_OF_SERIOUS,0.040268456375838924
Knox County,Unknown,GEO_CRASHTYPE_SHARE_OF_SERIOUS,0.0
Licking County,Angle,GEO_CRASHTYPE_SHARE_OF_SERIOUS,0.1695906432748538
Licking County,Animal,GEO_CRASHTYPE_SHARE_OF_SERIOUS,0.023391812865497075
Licking County,Backing,GEO_CRASHTYPE_SHARE_OF_SERIOUS,0.003898635477582846
Licking County,Fixed Object,GEO_CRASHTYPE_SHARE_OF_SERIOUS,0.3157894736842105
Licking County,Head On,GEO_CRASHTYPE_SHARE_OF_SERIOUS,0.07212475633528265
Licking County,Left Turn,GEO_CRASHTYPE_SHARE_OF_SERIOUS,0.06432748538011696
Licking County,Other Non-Collision,GEO_CRASHTYPE_SHARE_OF_SERIOUS,0.023391812865497075
Licking County,Other Non-Vehicle,GEO_CRASHTYPE_SHARE_OF_SERIOUS,0.0
Licking County,Other Object,GEO_CRASHTYPE_SHARE_OF_SERIOUS,0.0
Licking County,Overturning,GEO_CRASHTYPE_SHARE_OF_SERIOUS,0.05263157894736842
Licking County,Parked Vehicle,GEO_CRASHTYPE_SHARE_OF_SERIOUS,0.017543859649122806
Licking County,Pedalcycles,GEO_CRASHTYPE_SHARE_OF_SERIOUS,0.03313840155945419
Licking County,Pedestrian,GEO_CRASHTYPE_SHARE_OF_SERIOUS,0.05458089668615984
Licking County,Rear End,GEO_CRASHTYPE_SHARE_OF_SERIOUS,0.07602339181286549
Licking County,Right Turn,GEO_CRASHTYPE_SHARE_OF_SERIOUS,0.01949317738791423
Licking County,Sideswipe - Meeting,GEO_CRASHTYPE_SHARE_OF_SERIOUS,0.001949317738791423
Licking County,Sideswipe - Passing,GEO_CRASHTYPE_SHARE_OF_SERIOUS,0.06627680311890838
Licking County,Train,GEO_CRASHTYPE_SHARE_OF_SERIOUS,0.0
Licking County,Unknown,GEO_CRASHTYPE_SHARE_OF_SERIOUS,0.005847953216374269
Madison County,Angle,GEO_CRASHTYPE_SHARE_OF_SERIOUS,0.17699115044247787
Madison County,Animal,GEO_CRASHTYPE_SHARE_OF_SERIOUS,0.017699115044247787
Madison County,Backing,GEO_CRASHTYPE_SHARE_OF_SERIOUS,0.008849557522123894
Madison County,Fixed Object,GEO_CRASHTYPE_SHARE_OF_SERIOUS,0.3274336283185841
Madison County,Head On,GEO_CRASHTYPE_SHARE_OF_SERIOUS,0.035398230088495575
Madison County,Left Turn,GEO_CRASHTYPE_SHARE_OF_SERIOUS,0.04424778761061947
Madison County,Other Non-Collision,GEO_CRASHTYPE_SHARE_OF_SERIOUS,0.02654867256637168
Madison County,Other Object,GEO_CRASHTYPE_SHARE_OF_SERIOUS,0.0
Madison County,Overturning,GEO_CRASHTYPE_SHARE_OF_SERIOUS,0.02654867256637168
Madison County,Parked Vehicle,GEO_CRASHTYPE_SHARE_OF_SERIOUS,0.017699115044247787
Madison County,Pedalcycles,GEO_CRASHTYPE_SHARE_OF_SERIOUS,0.017699115044247787
Madison County,Pedestrian,GEO_CRASHTYPE_SHARE_OF_SERIOUS,0.05309734513274336
Madison County,Rear End,GEO_CRASHTYPE_SHARE_OF_SERIOUS,0.17699115044247787
Madison County,Right Turn,GEO_CRASHTYPE_SHARE_OF_SERIOUS,0.01327433628318584
Madison County,Sideswipe - Meeting,GEO_CRASHTYPE_SHARE_OF_SERIOUS,0.0
Madison County,Sideswipe - Passing,GEO_CRASHTYPE_SHARE_OF_SERIOUS,0.05752212389380531
Madison County,Unknown,GEO_CRASHTYPE_SHARE_OF_SERIOUS,0.0
Marion County,Angle,GEO_CRASHTYPE_SHARE_OF_SERIOUS,0.266304347826087
Marion County,Animal,GEO_CRASHTYPE_SHARE_OF_SERIOUS,0.016304347826086956
Marion County,Backing,GEO_CRASHTYPE_SHARE_OF_SERIOUS,0.0
Marion County,Fixed Object,GEO_CRASHTYPE_SHARE_OF_SERIOUS,0.2717391304347826
Marion County,Head On,GEO_CRASHTYPE_SHARE_OF_SERIOUS,0.07608695652173914
Marion County,Left Turn,GEO_CRASHTYPE_SHARE_OF_SERIOUS,0.09239130434782608
Marion County,Other Non-Collision,GEO_CRASHTYPE_SHARE_OF_SERIOUS,0.010869565217391304
Marion County,Other Object,GEO_CRASHTYPE_SHARE_OF_SERIOUS,0.0
Marion County,Overturning,GEO_CRASHTYPE_SHARE_OF_SERIOUS,0.02717391304347826
Marion County,Parked Vehicle,GEO_CRASHTYPE_SHARE_OF_SERIOUS,0.016304347826086956
Marion County,Pedalcycles,GEO_CRASHTYPE_SHARE_OF_SERIOUS,0.043478260869565216
Marion County,Pedestrian,GEO_CRASHTYPE_SHARE_OF_SERIOUS,0.06521739130434782
Marion County,Rear End,GEO_CRASHTYPE_SHARE_OF_SERIOUS,0.04891304347826087
Marion County,Right Turn,GEO_CRASHTYPE_SHARE_OF_SERIOUS,0.0
Marion County,Sideswipe - Meeting,GEO_CRASHTYPE_SHARE_OF_SERIOUS,0.0
Marion County,Sideswipe - Passing,GEO_CRASHTYPE_SHARE_OF_SERIOUS,0.06521739130434782
Marion County,Train,GEO_CRASHTYPE_SHARE_OF_SERIOUS,0.0
Marion County,Unknown,GEO_CRASHTYPE_SHARE_OF_SERIOUS,0.0
Morrow County,Angle,GEO_CRASHTYPE_SHARE_OF_SERIOUS,0.15384615384615385
Morrow County,Animal,GEO_CRASHTYPE_SHARE_OF_SERIOUS,0.015384615384615385
Morrow County,Backing,GEO_CRASHTYPE_SHARE_OF_SERIOUS,0.0
Morrow County,Fixed Object,GEO_CRASHTYPE_SHARE_OF_SERIOUS,0.3384615384615385
Morrow County,Head On,GEO_CRASHTYPE_SHARE_OF_SERIOUS,0.08461538461538462
Morrow County,Left Turn,GEO_CRASHTYPE_SHARE_OF_SERIOUS,0.05384615384615385
Morrow County,Other Non-Collision,GEO_CRASHTYPE_SHARE_OF_SERIOUS,0.0
Morrow County,Other Object,GEO_CRASHTYPE_SHARE_OF_SERIOUS,0.0
Morrow County,Overturning,GEO_CRASHTYPE_SHARE_OF_SERIOUS,0.11538461538461539
Morrow County,Parked Vehicle,GEO_CRASHTYPE_SHARE_OF_SERIOUS,0.0
Morrow County,Pedalcycles,GEO_CRASHTYPE_SHARE_OF_SERIOUS,0.015384615384615385
Morrow County,Pedestrian,GEO_CRASHTYPE_SHARE_OF_SERIOUS,0.06923076923076923
Morrow County,Rear End,GEO_CRASHTYPE_SHARE_OF_SERIOUS,0.08461538461538462
Morrow County,Right Turn,GEO_CRASHTYPE_SHARE_OF_SERIOUS,0.023076923076923078
Morrow County,Sideswipe - Meeting,GEO_CRASHTYPE_SHARE_OF_SERIOUS,0.0
Morrow County,Sideswipe - Passing,GEO_CRASHTYPE_SHARE_OF_SERIOUS,0.046153846153846156
Morrow County,Unknown,GEO_CRASHTYPE_SHARE_OF_SERIOUS,0.0
Pickaway County,Angle,GEO_CRASHTYPE_SHARE_OF_SERIOUS,0.18106995884773663
Pickaway County,Animal,GEO_CRASHTYPE_SHARE_OF_SERIOUS,0.0205761316872428
Pickaway County,Backing,GEO_CRASHTYPE_SHARE_OF_SERIOUS,0.0
Pickaway County,Fixed Object,GEO_CRASHTYPE_SHARE_OF_SERIOUS,0.32510288065843623
Pickaway County,Head On,GEO_CRASHTYPE_SHARE_OF_SERIOUS,0.07407407407407407
Pickaway County,Left Turn,GEO_CRASHTYPE_SHARE_OF_SERIOUS,0.04938271604938271
Pickaway County,Other Non-Collision,GEO_CRASHTYPE_SHARE_OF_SERIOUS,0.053497942386831275
Pickaway County,Other Object,GEO_CRASHTYPE_SHARE_OF_SERIOUS,0.00411522633744856
Pickaway County,Overturning,GEO_CRASHTYPE_SHARE_OF_SERIOUS,0.0411522633744856
Pickaway County,Parked Vehicle,GEO_CRASHTYPE_SHARE_OF_SERIOUS,0.0411522633744856
Pickaway County,Pedalcycles,GEO_CRASHTYPE_SHARE_OF_SERIOUS,0.0
Pickaway County,Pedestrian,GEO_CRASHTYPE_SHARE_OF_SERIOUS,0.04938271604938271
Pickaway County,Rear End,GEO_CRASHTYPE_SHARE_OF_SERIOUS,0.102880658436214
Pickaway County,Right Turn,GEO_CRASHTYPE_SHARE_OF_SERIOUS,0.00411522633744856
Pickaway County,Sideswipe - Meeting,GEO_CRASHTYPE_SHARE_OF_SERIOUS,0.0
Pickaway County,Sideswipe - Passing,GEO_CRASHTYPE_SHARE_OF_SERIOUS,0.0411522633744856
Pickaway County,Unknown,GEO_CRASHTYPE_SHARE_OF_SERIOUS,0.012345679012345678
10-County Region,Angle,GEO_CRASHTYPE_SHARE_OF_SERIOUS,0.1843596524367208
10-County Region,Animal,GEO_CRASHTYPE_SHARE_OF_SERIOUS,0.010200226671703816
10-County Region,Backing,GEO_CRASHTYPE_SHARE_OF_SERIOUS,0.0035889686437476386
10-County Region,Falling From Or In Vehicle,GEO_CRASHTYPE_SHARE_OF_SERIOUS,0.0
10-County Region,Fixed Object,GEO_CRASHTYPE_SHARE_OF_SERIOUS,0.24121647147714392
10-County Region,Head On,GEO_CRASHTYPE_SHARE_OF_SERIOUS,0.07857952398942199
10-County Region,Left Turn,GEO_CRASHTYPE_SHARE_OF_SERIOUS,0.07857952398942199
10-County Region,Other Non-Collision,GEO_CRASHTYPE_SHARE_OF_SERIOUS,0.019644880997355497
10-County Region,Other Non-Vehicle,GEO_CRASHTYPE_SHARE_OF_SERIOUS,0.0
10-County Region,Other Object,GEO_CRASHTYPE_SHARE_OF_SERIOUS,0.0018889308651303363
10-County Region,Overturning,GEO_CRASHTYPE_SHARE_OF_SERIOUS,0.032111824707215714
10-County Region,Parked Vehicle,GEO_CRASHTYPE_SHARE_OF_SERIOUS,0.02342274272761617
10-County Region,Pedalcycles,GEO_CRASHTYPE_SHARE_OF_SERIOUS,0.030978466188137516
10-County Region,Pedestrian,GEO_CRASHTYPE_SHARE_OF_SERIOUS,0.10880241783150736
10-County Region,Rear End,GEO_CRASHTYPE_SHARE_OF_SERIOUS,0.10105780128447299
10-County Region,Right Turn,GEO_CRASHTYPE_SHARE_OF_SERIOUS,0.012466943709860219
10-County Region,Sideswipe - Meeting,GEO_CRASHTYPE_SHARE_OF_SERIOUS,0.00037778617302606723
10-County Region,Sideswipe - Passing,GEO_CRASHTYPE_SHARE_OF_SERIOUS,0.0680015111446921
10-County Region,Train,GEO_CRASHTYPE_SHARE_OF_SERIOUS,0.00018889308651303362
10-County Region,Unknown,GEO_CRASHTYPE_SHARE_OF_SERIOUS,0.004533434076312807
Union County,Angle,GEO_CRASHTYPE_SHARE_OF_SERIOUS,0.25595238095238093
Union County,Animal,GEO_CRASHTYPE_SHARE_OF_SERIOUS,0.03571428571428571
Union County,Backing,GEO_CRASHTYPE_SHARE_OF_SERIOUS,0.0
Union County,Fixed Object,GEO_CRASHTYPE_SHARE_OF_SERIOUS,0.26785714285714285
Union County,Head On,GEO_CRASHTYPE_SHARE_OF_SERIOUS,0.09523809523809523
Union County,Left Turn,GEO_CRASHTYPE_SHARE_OF_SERIOUS,0.06547619047619048
Union County,Other Non-Collision,GEO_CRASHTYPE_SHARE_OF_SERIOUS,0.03571428571428571
Union County,Other Object,GEO_CRASHTYPE_SHARE_OF_SERIOUS,0.005952380952380952
Union County,Overturning,GEO_CRASHTYPE_SHARE_OF_SERIOUS,0.047619047619047616
Union County,Parked Vehicle,GEO_CRASHTYPE_SHARE_OF_SERIOUS,0.011904761904761904
Union County,Pedalcycles,GEO_CRASHTYPE_SHARE_OF_SERIOUS,0.011904761904761904
Union County,Pedestrian,GEO_CRASHTYPE_SHARE_OF_SERIOUS,0.011904761904761904
Union County,Rear End,GEO_CRASHTYPE_SHARE_OF_SERIOUS,0.06547619047619048
Union County,Right Turn,GEO_CRASHTYPE_SHARE_OF_SERIOUS,0.011904761904761904
Union County,Sideswipe - Passing,GEO_CRASHTYPE_SHARE_OF_SERIOUS,0.07738095238095238
Union County,Train,GEO_CRASHTYPE_SHARE_OF_SERIOUS,0.0
Union County,Unknown,GEO_CRASHTYPE_SHARE_OF_SERIOUS,0.0
Delaware County,Angle,GEO_CRASHTYPE_SHARE_OF_TOTAL,0.12957092720480018
Delaware County,Animal,GEO_CRASHTYPE_SHARE_OF_TOTAL,0.09453186912713687
Delaware County,Backing,GEO_CRASHTYPE_SHARE_OF_TOTAL,0.03311445714932639
Delaware County,Fixed Object,GEO_CRASHTYPE_SHARE_OF_TOTAL,0.15917581795539454
Delaware County,Head On,GEO_CRASHTYPE_SHARE_OF_TOTAL,0.016925166987433488
Delaware County,Left Turn,GEO_CRASHTYPE_SHARE_OF_TOTAL,0.06656854975659458
Delaware County,Other Non-Collision,GEO_CRASHTYPE_SHARE_OF_TOTAL,0.015283595607381411
Delaware County,Other Object,GEO_CRASHTYPE_SHARE_OF_TOTAL,0.0059436205139816595
Delaware County,Overturning,GEO_CRASHTYPE_SHARE_OF_TOTAL,0.0062832559719234685
Delaware County,Parked Vehicle,GEO_CRASHTYPE_SHARE_OF_TOTAL,0.036001358541831764
Delaware County,Pedalcycles,GEO_CRASHTYPE_SHARE_OF_TOTAL,0.004924714140156232
Delaware County,Pedestrian,GEO_CRASHTYPE_SHARE_OF_TOTAL,0.006622891429865278
Delaware County,Rear End,GEO_CRASHTYPE_SHARE_OF_TOTAL,0.2802558587116495
Delaware County,Right Turn,GEO_CRASHTYPE_SHARE_OF_TOTAL,0.027680289822257443
Delaware County,Sideswipe - Meeting,GEO_CRASHTYPE_SHARE_OF_TOTAL,0.0012453300124533001
Delaware County,Sideswipe - Passing,GEO_CRASHTYPE_SHARE_OF_TOTAL,0.10975885882486132
Delaware County,Train,GEO_CRASHTYPE_SHARE_OF_TOTAL,0.00016981772897090456
Delaware County,Unknown,GEO_CRASHTYPE_SHARE_OF_TOTAL,0.0059436205139816595
Fairfield County,Angle,GEO_CRASHTYPE_SHARE_OF_TOTAL,0.15320748805514217
Fairfield County,Animal,GEO_CRASHTYPE_SHARE_OF_TOTAL,0.04378475757813112
Fairfield County,Backing,GEO_CRASHTYPE_SHARE_OF_TOTAL,0.04895433539594266
Fairfield County,Fixed Object,GEO_CRASHTYPE_SHARE_OF_TOTAL,0.16996945249471293
Fairfield County,Head On,GEO_CRASHTYPE_SHARE_OF_TOTAL,0.02247983081381687
Fairfield County,Left Turn,GEO_CRASHTYPE_SHARE_OF_TOTAL,0.07174747395629356
Fairfield County,Other Non-Collision,GEO_CRASHTYPE_SHARE_OF_TOTAL,0.013158925354429389
Fairfield County,Other Object,GEO_CRASHTYPE_SHARE_OF_TOTAL,0.0020365003524712147
Fairfield County,Overturning,GEO_CRASHTYPE_SHARE_OF_TOTAL,0.011435732748492206
Fairfield County,Parked Vehicle,GEO_CRASHTYPE_SHARE_OF_TOTAL,0.05177410511474896
Fairfield County,Pedalcycles,GEO_CRASHTYPE_SHARE_OF_TOTAL,0.005091250881178037
Fairfield County,Pedestrian,GEO_CRASHTYPE_SHARE_OF_TOTAL,0.009085924649486958
Fairfield County,Rear End,GEO_CRASHTYPE_SHARE_OF_TOTAL,0.2426568496906086
Fairfield County,Right Turn,GEO_CRASHTYPE_SHARE_OF_TOTAL,0.03375890968904206
Fairfield County,Sideswipe - Meeting,GEO_CRASHTYPE_SHARE_OF_TOTAL,0.00039163468316754133
Fairfield County,Sideswipe - Passing,GEO_CRASHTYPE_SHARE_OF_TOTAL,0.11694211639382784
Fairfield County,Unknown,GEO_CRASHTYPE_SHARE_OF_TOTAL,0.003524712148507872
Franklin County,Angle,GEO_CRASHTYPE_SHARE_OF_TOTAL,0.16017527166308182
Franklin County,Animal,GEO_CRASHTYPE_SHARE_OF_TOTAL,0.007340300488553769
Franklin County,Backing,GEO_CRASHTYPE_SHARE_OF_TOTAL,0.03524623589710786
Franklin County,Falling From Or In Vehicle,GEO_CRASHTYPE_SHARE_OF_TOTAL,7.995970031104323e-06
Franklin County,Fixed Object,GEO_CRASHTYPE_SHARE_OF_TOTAL,0.11851626780102828
Franklin County,Head On,GEO_CRASHTYPE_SHARE_OF_TOTAL,0.02114134476223983
Franklin County,Left Turn,GEO_CRASHTYPE_SHARE_OF_TOTAL,0.0710202058162686
Franklin County,Other Non-Collision,GEO_CRASHTYPE_SHARE_OF_TOTAL,0.010218849699751325
Franklin County,Other Object,GEO_CRASHTYPE_SHARE_OF_TOTAL,0.0033263235329393987
Franklin County,Overturning,GEO_CRASHTYPE_SHARE_OF_TOTAL,0.0035662026338725283
Franklin County,Parked Vehicle,GEO_CRASHTYPE_SHARE_OF_TOTAL,0.07978378897035894
Franklin County,Pedalcycles,GEO_CRASHTYPE_SHARE_OF_TOTAL,0.0073962722787714996
Franklin County,Pedestrian,GEO_CRASHTYPE_SHARE_OF_TOTAL,0.019222311954774793
Franklin County,Rear End,GEO_CRASHTYPE_SHARE_OF_TOTAL,0.25102548315648915
Franklin County,Right Turn,GEO_CRASHTYPE_SHARE_OF_TOTAL,0.03267952951712337
Franklin County,Sideswipe - Meeting,GEO_CRASHTYPE_SHARE_OF_TOTAL,0.0003838065614930075
Franklin County,Sideswipe - Passing,GEO_CRASHTYPE_SHARE_OF_TOTAL,0.17407226757714112
Franklin County,Train,GEO_CRASHTYPE_SHARE_OF_TOTAL,5.5971790217730264e-05
Franklin County,Unknown,GEO_CRASHTYPE_SHARE_OF_TOTAL,0.004821569928755907
Knox County,Angle,GEO_CRASHTYPE_SHARE_OF_TOTAL,0.12723295661684286
Knox County,Animal,GEO_CRASHTYPE_SHARE_OF_TOTAL,0.18100619759387532
Knox County,Backing,GEO_CRASHTYPE_SHARE_OF_TOTAL,0.04356543930003646
Knox County,Fixed Object,GEO_CRASHTYPE_SHARE_OF_TOTAL,0.26831935836675175
Knox County,Head On,GEO_CRASHTYPE_SHARE_OF_TOTAL,0.022967553773240976
Knox County,Left Turn,GEO_CRASHTYPE_SHARE_OF_TOTAL,0.05668975574188844
Knox County,Other Non-Collision,GEO_CRASHTYPE_SHARE_OF_TOTAL,0.00984323733138899
Knox County,Other Object,GEO_CRASHTYPE_SHARE_OF_TOTAL,0.0034633612832664965
Knox County,Overturning,GEO_CRASHTYPE_SHARE_OF_TOTAL,0.016040831206707983
Knox County,Parked Vehicle,GEO_CRASHTYPE_SHARE_OF_TOTAL,0.026066350710900472
Knox County,Pedalcycles,GEO_CRASHTYPE_SHARE_OF_TOTAL,0.002369668246445498
Knox County,Pedestrian,GEO_CRASHTYPE_SHARE_OF_TOTAL,0.004192489974480496
Knox County,Rear End,GEO_CRASHTYPE_SHARE_OF_TOTAL,0.14363835216915785
Knox County,Right Turn,GEO_CRASHTYPE_SHARE_OF_TOTAL,0.01786365293474298
Knox County,Sideswipe - Meeting,GEO_CRASHTYPE_SHARE_OF_TOTAL,0.0001822821728034998
Knox County,Sideswipe - Passing,GEO_CRASHTYPE_SHARE_OF_TOTAL,0.07254830477579292
Knox County,Unknown,GEO_CRASHTYPE_SHARE_OF_TOTAL,0.004010207801676996
Licking County,Angle,GEO_CRASHTYPE_SHARE_OF_TOTAL,0.13404562518047936
Licking County,Animal,GEO_CRASHTYPE_SHARE_OF_TOTAL,0.07721628645682933
Licking County,Backing,GEO_CRASHTYPE_SHARE_OF_TOTAL,0.03829049956684955
Licking County,Fixed Object,GEO_CRASHTYPE_SHARE_OF_TOTAL,0.214380594859948
Licking County,Head On,GEO_CRASHTYPE_SHARE_OF_TOTAL,0.01801905861969391
Licking County,Left Turn,GEO_CRASHTYPE_SHARE_OF_TOTAL,0.05792665319087496
Licking County,Other Non-Collision,GEO_CRASHTYPE_SHARE_OF_TOTAL,0.018365578977764942
Licking County,Other Non-Vehicle,GEO_CRASHTYPE_SHARE_OF_TOTAL,0.00011550678602367889
Licking County,Other Object,GEO_CRASHTYPE_SHARE_OF_TOTAL,0.005890846087207624
Licking County,Overturning,GEO_CRASHTYPE_SHARE_OF_TOTAL,0.010049090384060063
Licking County,Parked Vehicle,GEO_CRASHTYPE_SHARE_OF_TOTAL,0.039156800462027144
Licking County,Pedalcycles,GEO_CRASHTYPE_SHARE_OF_TOTAL,0.00415824429685244
Licking County,Pedestrian,GEO_CRASHTYPE_SHARE_OF_TOTAL,0.007103667340456252
Licking County,Rear End,GEO_CRASHTYPE_SHARE_OF_TOTAL,0.22725960150158822
Licking County,Right Turn,GEO_CRASHTYPE_SHARE_OF_TOTAL,0.02824140918278949
Licking County,Sideswipe - Meeting,GEO_CRASHTYPE_SHARE_OF_TOTAL,0.0005775339301183945
Licking County,Sideswipe - Passing,GEO_CRASHTYPE_SHARE_OF_TOTAL,0.11360092405428819
Licking County,Train,GEO_CRASHTYPE_SHARE_OF_TOTAL,0.00017326017903551835
Licking County,Unknown,GEO_CRASHTYPE_SHARE_OF_TOTAL,0.005428818943112908
Madison County,Angle,GEO_CRASHTYPE_SHARE_OF_TOTAL,0.10001923446816696
Madison County,Animal,GEO_CRASHTYPE_SHARE_OF_TOTAL,0.08847855356799385
Madison County,Backing,GEO_CRASHTYPE_SHARE_OF_TOTAL,0.03366031929217157
Madison County,Fixed Object,GEO_CRASHTYPE_SHARE_OF_TOTAL,0.27659165224081556
Madison County,Head On,GEO_CRASHTYPE_SHARE_OF_TOTAL,0.017503366031929216
Madison County,Left Turn,GEO_CRASHTYPE_SHARE_OF_TOTAL,0.03693017888055395
Madison County,Other Non-Collision,GEO_CRASHTYPE_SHARE_OF_TOTAL,0.03500673206385843
Madison County,Other Object,GEO_CRASHTYPE_SHARE_OF_TOTAL,0.019619157530294286
Madison County,Overturning,GEO_CRASHTYPE_SHARE_OF_TOTAL,0.012117714945181766
Madison County,Parked Vehicle,GEO_CRASHTYPE_SHARE_OF_TOTAL,0.031929217157145605
Madison County,Pedalcycles,GEO_CRASHTYPE_SHARE_OF_TOTAL,0.0019234468166955184
Madison County,Pedestrian,GEO_CRASHTYPE_SHARE_OF_TOTAL,0.005577995768417003
Madison County,Rear End,GEO_CRASHTYPE_SHARE_OF_TOTAL,0.15829967301404116
Madison County,Right Turn,GEO_CRASHTYPE_SHARE_OF_TOTAL,0.015387574533564147
Madison County,Sideswipe - Meeting,GEO_CRASHTYPE_SHARE_OF_TOTAL,0.0032698595883823814
Madison County,Sideswipe - Passing,GEO_CRASHTYPE_SHARE_OF_TOTAL,0.14752837084054626
Madison County,Unknown,GEO_CRASHTYPE_SHARE_OF_TOTAL,0.016156953260242354
Marion County,Angle,GEO_CRASHTYPE_SHARE_OF_TOTAL,0.1509385774486017
Marion County,Animal,GEO_CRASHTYPE_SHARE_OF_TOTAL,0.1574511556633891
Marion County,Backing,GEO_CRASHTYPE_SHARE_OF_TOTAL,0.047886604520495465
Marion County,Fixed Object,GEO_CRASHTYPE_SHARE_OF_TOTAL,0.1720086834376197
Marion County,Head On,GEO_CRASHTYPE_SHARE_OF_TOTAL,0.01532371344655855
Marion County,Left Turn,GEO_CRASHTYPE_SHARE_OF_TOTAL,0.05133444004597114
Marion County,Other Non-Collision,GEO_CRASHTYPE_SHARE_OF_TOTAL,0.021453198825181968
Marion County,Other Object,GEO_CRASHTYPE_SHARE_OF_TOTAL,0.0067679734388966925
Marion County,Overturning,GEO_CRASHTYPE_SHARE_OF_TOTAL,0.006895671050951347
Marion County,Parked Vehicle,GEO_CRASHTYPE_SHARE_OF_TOTAL,0.047375814072276846
Marion County,Pedalcycles,GEO_CRASHTYPE_SHARE_OF_TOTAL,0.006001787766568765
Marion County,Pedestrian,GEO_CRASHTYPE_SHARE_OF_TOTAL,0.007151066275060657
Marion County,Rear End,GEO_CRASHTYPE_SHARE_OF_TOTAL,0.1672838717915975
Marion County,Right Turn,GEO_CRASHTYPE_SHARE_OF_TOTAL,0.024134848678329716
Marion County,Sideswipe - Meeting,GEO_CRASHTYPE_SHARE_OF_TOTAL,0.00012769761205465457
Marion County,Sideswipe - Passing,GEO_CRASHTYPE_SHARE_OF_TOTAL,0.10905376069467501
Marion County,Train,GEO_CRASHTYPE_SHARE_OF_TOTAL,0.0007661856723279274
Marion County,Unknown,GEO_CRASHTYPE_SHARE_OF_TOTAL,0.00804494955944324
Morrow County,Angle,GEO_CRASHTYPE_SHARE_OF_TOTAL,0.08561721404303511
Morrow County,Animal,GEO_CRASHTYPE_SHARE_OF_TOTAL,0.21177802944507362
Morrow County,Backing,GEO_CRASHTYPE_SHARE_OF_TOTAL,0.021064552661381655
Morrow County,Fixed Object,GEO_CRASHTYPE_SHARE_OF_TOTAL,0.3089467723669309
Morrow County,Head On,GEO_CRASHTYPE_SHARE_OF_TOTAL,0.021064552661381655
Morrow County,Left Turn,GEO_CRASHTYPE_SHARE_OF_TOTAL,0.04507361268403171
Morrow County,Other Non-Collision,GEO_CRASHTYPE_SHARE_OF_TOTAL,0.02287655719139298
Morrow County,Other Object,GEO_CRASHTYPE_SHARE_OF_TOTAL,0.006795016987542469
Morrow County,Overturning,GEO_CRASHTYPE_SHARE_OF_TOTAL,0.017440543601359004
Morrow County,Parked Vehicle,GEO_CRASHTYPE_SHARE_OF_TOTAL,0.012231030577576444
Morrow County,Pedalcycles,GEO_CRASHTYPE_SHARE_OF_TOTAL,0.001812004530011325
Morrow County,Pedestrian,GEO_CRASHTYPE_SHARE_OF_TOTAL,0.0040770101925254815
Morrow County,Rear End,GEO_CRASHTYPE_SHARE_OF_TOTAL,0.11325028312570781
Morrow County,Right Turn,GEO_CRASHTYPE_SHARE_OF_TOTAL,0.011098527746319366
Morrow County,Sideswipe - Meeting,GEO_CRASHTYPE_SHARE_OF_TOTAL,0.00045300113250283127
Morrow County,Sideswipe - Passing,GEO_CRASHTYPE_SHARE_OF_TOTAL,0.10373725934314836
Morrow County,Unknown,GEO_CRASHTYPE_SHARE_OF_TOTAL,0.012684031710079275
Pickaway County,Angle,GEO_CRASHTYPE_SHARE_OF_TOTAL,0.12070874861572536
Pickaway County,Animal,GEO_CRASHTYPE_SHARE_OF_TOTAL,0.132890365448505
Pickaway County,Backing,GEO_CRASHTYPE_SHARE_OF_TOTAL,0.03369719981015662
Pickaway County,Fixed Object,GEO_CRASHTYPE_SHARE_OF_TOTAL,0.22211675367821548
Pickaway County,Head On,GEO_CRASHTYPE_SHARE_OF_TOTAL,0.0196171491852555
Pickaway County,Left Turn,GEO_CRASHTYPE_SHARE_OF_TOTAL,0.05600379686758424
Pickaway County,Other Non-Collision,GEO_CRASHTYPE_SHARE_OF_TOTAL,0.03828508147445025
Pickaway County,Other Object,GEO_CRASHTYPE_SHARE_OF_TOTAL,0.006486315456415124
Pickaway County,Overturning,GEO_CRASHTYPE_SHARE_OF_TOTAL,0.016453092865052997
Pickaway County,Parked Vehicle,GEO_CRASHTYPE_SHARE_OF_TOTAL,0.03591203923429837
Pickaway County,Pedalcycles,GEO_CRASHTYPE_SHARE_OF_TOTAL,0.0022148394241417496
Pickaway County,Pedestrian,GEO_CRASHTYPE_SHARE_OF_TOTAL,0.006960923904445499
Pickaway County,Rear End,GEO_CRASHTYPE_SHARE_OF_TOTAL,0.1805094130675526
Pickaway County,Right Turn,GEO_CRASHTYPE_SHARE_OF_TOTAL,0.021515582977376997
Pickaway County,Sideswipe - Meeting,GEO_CRASHTYPE_SHARE_OF_TOTAL,0.00015820281601012498
Pickaway County,Sideswipe - Passing,GEO_CRASHTYPE_SHARE_OF_TOTAL,0.09666192058218637
Pickaway County,Unknown,GEO_CRASHTYPE_SHARE_OF_TOTAL,0.00980857459262775
10-County Region,Angle,GEO_CRASHTYPE_SHARE_OF_TOTAL,0.1477856148937191
10-County Region,Animal,GEO_CRASHTYPE_SHARE_OF_TOTAL,0.04880284055467588
10-County Region,Backing,GEO_CRASHTYPE_SHARE_OF_TOTAL,0.036327431505206086
10-County Region,Falling From Or In Vehicle,GEO_CRASHTYPE_SHARE_OF_TOTAL,4.798234249796075e-06
10-County Region,Fixed Object,GEO_CRASHTYPE_SHARE_OF_TOTAL,0.15273259440525885
10-County Region,Head On,GEO_CRASHTYPE_SHARE_OF_TOTAL,0.020138189146394127
10-County Region,Left Turn,GEO_CRASHTYPE_SHARE_OF_TOTAL,0.06558706396046254
10-County Region,Other Non-Collision,GEO_CRASHTYPE_SHARE_OF_TOTAL,0.014001247540904947
10-County Region,Other Non-Vehicle,GEO_CRASHTYPE_SHARE_OF_TOTAL,9.59646849959215e-06
10-County Region,Other Object,GEO_CRASHTYPE_SHARE_OF_TOTAL,0.004457559618060554
10-County Region,Overturning,GEO_CRASHTYPE_SHARE_OF_TOTAL,0.006482414471474497
10-County Region,Parked Vehicle,GEO_CRASHTYPE_SHARE_OF_TOTAL,0.06279928986133103
10-County Region,Pedalcycles,GEO_CRASHTYPE_SHARE_OF_TOTAL,0.006031380451993667
10-County Region,Pedestrian,GEO_CRASHTYPE_SHARE_OF_TOTAL,0.014159589271148217
10-County Region,Rear End,GEO_CRASHTYPE_SHARE_OF_TOTAL,0.23614030036946404
10-County Region,Right Turn,GEO_CRASHTYPE_SHARE_OF_TOTAL,0.02964828942948995
10-County Region,Sideswipe - Meeting,GEO_CRASHTYPE_SHARE_OF_TOTAL,0.00051341106472818
10-County Region,Sideswipe - Passing,GEO_CRASHTYPE_SHARE_OF_TOTAL,0.14856772707643587
10-County Region,Train,GEO_CRASHTYPE_SHARE_OF_TOTAL,0.00010076291924571757
10-County Region,Unknown,GEO_CRASHTYPE_SHARE_OF_TOTAL,0.0057098987572573295
Union County,Angle,GEO_CRASHTYPE_SHARE_OF_TOTAL,0.10414368993225145
Union County,Animal,GEO_CRASHTYPE_SHARE_OF_TOTAL,0.19316212383803372
Union County,Backing,GEO_CRASHTYPE_SHARE_OF_TOTAL,0.03072317630376556
Union County,Fixed Object,GEO_CRASHTYPE_SHARE_OF_TOTAL,0.20324562785567984
Union County,Head On,GEO_CRASHTYPE_SHARE_OF_TOTAL,0.015913029777847802
Union County,Left Turn,GEO_CRASHTYPE_SHARE_OF_TOTAL,0.03686781156451867
Union County,Other Non-Collision,GEO_CRASHTYPE_SHARE_OF_TOTAL,0.021585000787773753
Union County,Other Object,GEO_CRASHTYPE_SHARE_OF_TOTAL,0.005514416259650229
Union County,Overturning,GEO_CRASHTYPE_SHARE_OF_TOTAL,0.01386481802426343
Union County,Parked Vehicle,GEO_CRASHTYPE_SHARE_OF_TOTAL,0.02741452654797542
Union County,Pedalcycles,GEO_CRASHTYPE_SHARE_OF_TOTAL,0.0025208760044115332
Union County,Pedestrian,GEO_CRASHTYPE_SHARE_OF_TOTAL,0.003308649755790137
Union County,Rear End,GEO_CRASHTYPE_SHARE_OF_TOTAL,0.2007247518512683
Union County,Right Turn,GEO_CRASHTYPE_SHARE_OF_TOTAL,0.020639672286119428
Union County,Sideswipe - Passing,GEO_CRASHTYPE_SHARE_OF_TOTAL,0.11123365369465889
Union County,Train,GEO_CRASHTYPE_SHARE_OF_TOTAL,0.00031510950055144165
Union County,Unknown,GEO_CRASHTYPE_SHARE_OF_TOTAL,0.008823066015440365
